Metric,Value
LM Statistic,588.417704447737
LM p-value,4.975632871472121e-126
F Statistic,149.10886742870932
F-test p-value,6.8807234556624215e-127
