Model,R2_test,RMSE_test,N_train,N_test
OLS,0.0031516948005171352,0.10290175250217375,31764,11641
RandomForest,-0.07878518511050636,0.10704730070662903,31764,11641
